{
  "mae": 10473.702227819002,
  "rmse": 49060.42265802082
}