{
  "mae": 15151.179928350808,
  "rmse": 65478.07604919589
}