{
  "mae": 10301.636551406853,
  "rmse": 49079.1450006131
}