{
  "accuracy": 0.7565700907228563,
  "precision_weighted": 0.7663636360020362,
  "recall_weighted": 0.7565700907228563,
  "f1_weighted": 0.7603100189215763
}