{
  "accuracy": 0.7457711442786069,
  "precision_weighted": 0.7425491898176041,
  "recall_weighted": 0.7457711442786069,
  "f1_weighted": 0.7408351644282769
}