{
  "accuracy": 0.7669593210418496,
  "precision_weighted": 0.7627932627642041,
  "recall_weighted": 0.7669593210418496,
  "f1_weighted": 0.7609044519080961
}